-8.455442229030757373e-01,-3.843654901848824190e-01,-1.000000000000000000e+00
-9.578301819373180592e-01,1.069226091689986502e-01,-1.000000000000000000e+00
3.733751198692358830e-01,-1.116347287641442199e+00,-1.000000000000000000e+00
6.170187866562142354e-01,-3.373980524574194950e-01,1.000000000000000000e+00
3.145951554765397118e-01,-8.597388154681060435e-01,-1.000000000000000000e+00
-6.723441453085493569e-01,-5.464525169087716128e-01,-1.000000000000000000e+00
-8.896887733443964441e-01,-4.429969228716350294e-02,-1.000000000000000000e+00
-3.028754590261567570e-01,6.572370396019314720e-01,1.000000000000000000e+00
6.257976901948807402e-01,6.013718846790059303e-01,-1.000000000000000000e+00
-9.323244735386374549e-01,-5.330326360098959215e-01,-1.000000000000000000e+00
-9.426230982533660985e-01,3.444362175340408561e-01,-1.000000000000000000e+00
9.675172860599273728e-01,4.506005538046556902e-01,-1.000000000000000000e+00
7.927599485190928164e-01,1.613928230648986328e-01,1.000000000000000000e+00
2.422688455451509765e-02,4.424310990437366753e-01,1.000000000000000000e+00
2.732959752272137721e-01,-4.491124617086529325e-01,1.000000000000000000e+00
8.199890896820268837e-01,-4.300569613201365993e-01,-1.000000000000000000e+00
-7.022626517251880918e-01,-7.088883577961677673e-01,-1.000000000000000000e+00
-8.515088400527626167e-01,1.813880042709679064e-01,-1.000000000000000000e+00
-8.771768714257154320e-01,6.096503305809921613e-01,-1.000000000000000000e+00
1.443144296836317009e-01,1.118134965433227324e+00,-1.000000000000000000e+00
7.307822883669334857e-01,-5.169580657378549660e-01,-1.000000000000000000e+00
-1.944347220933710929e-01,5.584980399601809781e-02,1.000000000000000000e+00
-7.540177803118410793e-01,-4.279870496431015248e-01,-1.000000000000000000e+00
-3.790818686357653733e-01,2.514509000562754615e-01,1.000000000000000000e+00
1.756898503270030998e-01,5.073767175494012793e-01,1.000000000000000000e+00
-5.970917310792420718e-01,-8.702325428589842149e-01,-1.000000000000000000e+00
-6.951505377843028022e-01,4.577151803638753180e-01,-1.000000000000000000e+00
-6.137451656292739477e-01,8.530127846685983117e-01,-1.000000000000000000e+00
2.454244439988856885e-01,1.066285083178192261e+00,-1.000000000000000000e+00
-1.028665501657345382e+00,-1.729907031988062449e-01,-1.000000000000000000e+00
-5.409210118793581490e-01,4.180852825021552643e-02,1.000000000000000000e+00
-2.614426863627858921e-01,5.631542172516093014e-01,1.000000000000000000e+00
7.578203572412173239e-01,-3.855964329755759423e-01,-1.000000000000000000e+00
-5.497721602131498964e-01,1.791077673507657786e-01,1.000000000000000000e+00
5.480627261064640043e-01,-2.792693741625464909e-01,1.000000000000000000e+00
3.613064881314919097e-01,2.565042864261039002e-01,1.000000000000000000e+00
-7.774890077810731048e-01,-7.003832861309278179e-01,-1.000000000000000000e+00
-5.568283409274308315e-01,3.580000791204959176e-01,1.000000000000000000e+00
-5.574169466394215400e-01,-6.965589198715017583e-01,-1.000000000000000000e+00
-5.356644452762686359e-02,-8.504628547151140694e-01,-1.000000000000000000e+00
7.477674083647080083e-01,-7.787568549987612387e-01,-1.000000000000000000e+00
-7.175275989750602434e-01,-6.742899244120720281e-01,-1.000000000000000000e+00
-3.586414753352168416e-01,2.809970146877051045e-01,1.000000000000000000e+00
6.011738416627934734e-02,2.751222663132196766e-01,1.000000000000000000e+00
-3.599376460453590498e-01,-2.113058246999059142e-01,1.000000000000000000e+00
-3.371898718679050000e-01,-1.440413992301094459e-01,1.000000000000000000e+00
8.368955932459690716e-01,-4.124643350983562273e-01,-1.000000000000000000e+00
7.728847281883522990e-01,-2.575300990414483016e-01,-1.000000000000000000e+00
6.939000650877079623e-01,1.077848860484663385e-02,1.000000000000000000e+00
-6.727122577643104839e-02,-1.183853757572442156e+00,-1.000000000000000000e+00
4.953823133766723785e-01,5.779559210894570365e-01,-1.000000000000000000e+00
1.228715503289493777e-01,-4.706835729716029593e-01,1.000000000000000000e+00
-1.583740936917281683e-01,-6.410207192753151206e-01,1.000000000000000000e+00
-5.969061530890158451e-01,-5.732569974795119760e-01,-1.000000000000000000e+00
4.966064398115405676e-01,-9.870993105098669895e-01,-1.000000000000000000e+00
-3.287121178228991081e-04,9.526404693894279241e-01,-1.000000000000000000e+00
4.263610601754946328e-01,3.032532033853050368e-01,1.000000000000000000e+00
-8.446170960390844695e-02,-5.332301477860386107e-01,1.000000000000000000e+00
-1.533817386483076750e-01,5.204548575163790991e-01,1.000000000000000000e+00
9.233687639992411711e-01,4.182540463513361173e-01,-1.000000000000000000e+00
-1.537228756518012884e-01,9.445474411087412259e-01,-1.000000000000000000e+00
-1.164515570918797649e-02,5.363363094151065713e-01,1.000000000000000000e+00
6.257687796452393592e-02,7.939548792219777162e-01,1.000000000000000000e+00
5.730335680773208651e-01,-8.429291689760607387e-01,-1.000000000000000000e+00
-3.280640547929948581e-02,-6.731757408955612032e-01,1.000000000000000000e+00
2.793412062991795786e-01,8.185852214128259696e-01,-1.000000000000000000e+00
1.195185886626077554e-01,1.003989141164012278e+00,-1.000000000000000000e+00
6.892115474685795995e-01,7.343883484399305051e-01,-1.000000000000000000e+00
1.189489137229931687e-01,6.625745300350982525e-01,1.000000000000000000e+00
-9.146045084731886377e-01,8.837135952284195239e-01,-1.000000000000000000e+00
2.126349194773056173e-01,8.609109815762836515e-01,-1.000000000000000000e+00
1.570253276083024008e-01,-4.069551090403114024e-01,1.000000000000000000e+00
2.911307430126221507e-01,6.753253933511196294e-01,1.000000000000000000e+00
8.499613946964748035e-01,4.084879694090564617e-01,-1.000000000000000000e+00
8.633644503447027718e-01,-6.706185538018480941e-01,-1.000000000000000000e+00
5.047823949486706097e-01,-8.958494311826131762e-01,-1.000000000000000000e+00
-9.831335136389807161e-01,-4.725339218092407256e-02,-1.000000000000000000e+00
7.084409385625644040e-01,8.054444429794895832e-01,-1.000000000000000000e+00
-3.727736420754882429e-01,-5.072039754421833191e-01,1.000000000000000000e+00
-2.951317788293358335e-01,-4.331602273049892649e-01,1.000000000000000000e+00
1.769397226756670993e-01,-4.931355483035825271e-01,1.000000000000000000e+00
-9.103982516508254408e-01,3.562365232154078853e-01,-1.000000000000000000e+00
4.701698096965644669e-01,-2.747241773604817139e-01,1.000000000000000000e+00
-3.201716616552861550e-01,4.870240404562523051e-01,1.000000000000000000e+00
-6.912850207062820607e-01,5.773104390704074662e-01,-1.000000000000000000e+00
3.600439542968890683e-01,9.069528452871371549e-01,-1.000000000000000000e+00
1.904592069629737483e-01,-1.630733195639274269e-01,1.000000000000000000e+00
9.388455351751361366e-01,3.560330506579471033e-01,-1.000000000000000000e+00
-1.673670240556466293e-01,-5.621175679618365395e-01,1.000000000000000000e+00
7.946436221876191919e-01,-8.134821100758753420e-01,-1.000000000000000000e+00
-1.168387669844980076e-01,-3.902047767883335405e-01,1.000000000000000000e+00
3.194714057363763349e-01,1.469650804700140256e-01,1.000000000000000000e+00
-8.608924540402893011e-02,4.327059103083152891e-01,1.000000000000000000e+00
1.086997843534249997e+00,-4.171114158952082818e-02,-1.000000000000000000e+00
-2.894002173241880804e-01,5.561430068539809923e-01,1.000000000000000000e+00
3.696901507476592630e-01,1.172525886539422524e-01,1.000000000000000000e+00
-1.645045895720709250e-02,8.738105683749705088e-01,-1.000000000000000000e+00
-5.414326709645136404e-01,-7.139533820897081551e-01,-1.000000000000000000e+00
-5.329177071969252166e-01,2.277340448297737741e-02,1.000000000000000000e+00
1.256988547967133052e-01,-2.538492067245056161e-01,1.000000000000000000e+00
1.810970894550680832e-01,-5.861402738346546126e-01,-1.000000000000000000e+00
2.840752758883667850e-01,-1.082467394659378579e+00,-1.000000000000000000e+00
3.408359296566871310e-01,2.120890509455808370e-01,1.000000000000000000e+00
-4.534062587791048982e-01,1.515538320547488993e-01,1.000000000000000000e+00
7.447086700660339176e-01,5.731511103366412341e-01,-1.000000000000000000e+00
7.983590064611976178e-01,-6.342674659829120043e-02,-1.000000000000000000e+00
-9.487885925747060467e-01,7.889768037986900906e-02,-1.000000000000000000e+00
4.502066146271930247e-01,1.318434845997687732e-01,1.000000000000000000e+00
-5.657440486059384099e-02,3.185624355605665148e-01,1.000000000000000000e+00
-9.628253493454744238e-02,-9.942067486048129510e-01,-1.000000000000000000e+00
-5.390337600876577984e-01,-2.105152967385252871e-02,1.000000000000000000e+00
-8.689348732861364999e-01,5.139564961478407940e-02,-1.000000000000000000e+00
6.174857480764484041e-01,-2.414033678229222241e-02,1.000000000000000000e+00
4.622579255121943009e-01,-9.292400378007901196e-01,-1.000000000000000000e+00
-8.264857711131315954e-01,4.907022715929539869e-01,-1.000000000000000000e+00
-9.530934857309901753e-01,1.053263495938834282e-01,-1.000000000000000000e+00
4.060884984315032420e-01,8.658022103149594084e-01,-1.000000000000000000e+00
-4.949292240567842449e-01,1.027597822694434893e+00,-1.000000000000000000e+00
-5.763852221677641108e-01,-4.493110031712163055e-01,1.000000000000000000e+00
-9.547620966502607942e-01,1.940977933734974389e-02,-1.000000000000000000e+00
2.088149983322589165e-01,-5.079439768522419074e-01,1.000000000000000000e+00
3.532586029774751890e-01,-9.139251399642052132e-01,-1.000000000000000000e+00
3.210577781544860509e-01,-3.934942481541439108e-01,1.000000000000000000e+00
-1.738187722739017727e-01,-4.635237674069244140e-01,1.000000000000000000e+00
-9.104424017657054558e-01,-3.468329189985795424e-01,-1.000000000000000000e+00
-9.885479596091480969e-01,-2.595626107728895571e-01,-1.000000000000000000e+00
5.843759511109462013e-01,-5.107429260732492260e-01,1.000000000000000000e+00
-4.166987471361830453e-01,-9.644659831490306479e-01,-1.000000000000000000e+00
-1.103706235990156020e-01,-4.427383669086200069e-01,1.000000000000000000e+00
2.781232564241626348e-01,4.319706821832874355e-01,1.000000000000000000e+00
-1.678699615011071122e-01,4.651727914100928230e-01,1.000000000000000000e+00
-9.919107567464030550e-01,-8.130857622013921981e-02,-1.000000000000000000e+00
-9.880824684960081150e-01,-2.265834152572806515e-01,-1.000000000000000000e+00
1.033671042658418360e-01,-6.153054267634336938e-01,1.000000000000000000e+00
-2.723265541729519845e-01,3.003383543735818062e-01,1.000000000000000000e+00
3.284463955578351690e-01,4.807581270134999030e-01,1.000000000000000000e+00
-6.604496119094047102e-02,1.041739537124804160e+00,-1.000000000000000000e+00
-1.748113005303175982e-01,-9.729548330706282444e-01,-1.000000000000000000e+00
-2.250683688340200939e-01,-6.326672592612567758e-01,1.000000000000000000e+00
3.103311251822107875e-01,1.855123968975532778e-01,1.000000000000000000e+00
8.002473697132417296e-01,6.270899620464455149e-01,-1.000000000000000000e+00
-1.004795166478299473e+00,2.828483257120852912e-01,-1.000000000000000000e+00
1.224185240275909581e-01,5.584221647145399814e-01,1.000000000000000000e+00
4.540599753987089038e-01,1.286035918820002122e-01,1.000000000000000000e+00
5.402036883264058065e-02,5.402619491527098639e-01,1.000000000000000000e+00
5.202277433223767567e-01,3.738618303045121438e-02,1.000000000000000000e+00
4.818024902575854806e-01,2.642272233045812047e-01,1.000000000000000000e+00
-4.028103709274691302e-01,3.477734895396647485e-02,1.000000000000000000e+00
1.977689083757377397e-01,-3.878108847853627972e-01,1.000000000000000000e+00
3.801608838992587280e-01,2.456936552991672851e-01,1.000000000000000000e+00
9.850797903295034352e-01,-9.826715730747830058e-02,-1.000000000000000000e+00
-5.494833327736802220e-01,-1.504812724963719706e-01,1.000000000000000000e+00
-1.316417752341562664e-01,-1.010540125417946911e+00,-1.000000000000000000e+00
1.795629860252691001e-01,1.167180660158004590e+00,-1.000000000000000000e+00
1.013131710399712171e+00,1.009959654030374854e-02,-1.000000000000000000e+00
-1.840703621405649082e-01,1.108790854200678355e+00,-1.000000000000000000e+00
1.002017829056736975e+00,-3.566241249865681473e-01,-1.000000000000000000e+00
4.528185155297694275e-01,4.158717570708420075e-01,1.000000000000000000e+00
-3.365300524803886417e-01,-3.312791721149041524e-01,1.000000000000000000e+00
1.013966565984461443e+00,-1.987146036123207116e-01,-1.000000000000000000e+00
8.435126673747778137e-01,1.795987855924604526e-01,-1.000000000000000000e+00
-4.447214749886163609e-01,-7.742615701769778314e-01,-1.000000000000000000e+00
1.128333656334235657e+00,4.462427917646178965e-01,-1.000000000000000000e+00
5.078851616355334331e-01,-2.999966782571861224e-03,1.000000000000000000e+00
-3.563726057837101058e-01,9.969661713846144843e-03,1.000000000000000000e+00
2.215612779731955806e-01,5.032082257073320353e-01,1.000000000000000000e+00
7.399158908065178730e-01,8.971035144676501316e-01,-1.000000000000000000e+00
2.511319961423831293e-01,-9.275300638108183726e-01,-1.000000000000000000e+00
4.903201321326975948e-01,-5.920828097894619280e-01,1.000000000000000000e+00
-1.011779045902216012e+00,9.901636783997733171e-02,-1.000000000000000000e+00
5.305453660605848887e-01,-2.444275310799895740e-01,1.000000000000000000e+00
6.565592387436374189e-01,-7.455760316711582680e-01,-1.000000000000000000e+00
8.166456535965446184e-01,-5.530423401540314199e-01,-1.000000000000000000e+00
2.311616039644980580e-01,9.453908695290444419e-02,1.000000000000000000e+00
-9.215915941486487739e-01,-2.507413987986786275e-01,-1.000000000000000000e+00
1.763540733595141408e-01,4.745667101328172044e-01,1.000000000000000000e+00
-3.643022161718028062e-01,9.368426111247346588e-02,1.000000000000000000e+00
-9.274742582808463975e-01,2.997966377689791906e-01,-1.000000000000000000e+00
-2.004098770485541470e-01,-1.214346657217135195e-01,1.000000000000000000e+00
-6.124241128889161834e-01,1.276247085675607518e-01,1.000000000000000000e+00
-7.907587439914334770e-02,-3.532534452973381534e-01,1.000000000000000000e+00
3.187173707432910952e-01,-2.363573206565876828e-01,1.000000000000000000e+00
-4.553684155851344673e-01,3.237833591165902858e-01,1.000000000000000000e+00
-4.824427807392009382e-01,4.221920972405527883e-01,1.000000000000000000e+00
1.082895144406911953e-01,4.466145701758557074e-01,1.000000000000000000e+00
3.950640539990992739e-01,1.030888294648082182e+00,-1.000000000000000000e+00
8.298786961032440512e-01,-2.178442891217816646e-01,-1.000000000000000000e+00
7.573327300389194328e-01,-8.413400179589334282e-01,-1.000000000000000000e+00
1.377156740862411077e-01,-9.567629099780912139e-01,-1.000000000000000000e+00
-7.143279719991667553e-01,-4.724867999341501035e-01,-1.000000000000000000e+00
-1.117684719204926763e-01,-4.696872775483576512e-01,1.000000000000000000e+00
-2.762578837710314983e-01,-4.713962204057980387e-01,1.000000000000000000e+00
3.022935338202503708e-01,-2.890549160174210597e-01,1.000000000000000000e+00
-9.390039479421674606e-01,1.614663410837802737e-01,-1.000000000000000000e+00
-1.033934851248329734e+00,-1.115731974793167935e-01,-1.000000000000000000e+00
-7.039204463866065298e-02,7.330876004843525084e-01,-1.000000000000000000e+00
4.527694255080931818e-01,-7.236311612703186791e-01,-1.000000000000000000e+00
3.917359474622843507e-01,3.728425417915437468e-01,1.000000000000000000e+00
9.396158874071574019e-01,-4.577029947216486316e-02,-1.000000000000000000e+00
2.400445326707818794e-01,-1.081945202504102310e+00,-1.000000000000000000e+00
9.915773873519765358e-01,1.603453730131912947e-01,-1.000000000000000000e+00
-5.402667012946316127e-01,-1.019259606028383169e+00,-1.000000000000000000e+00
-6.141259377315959611e-01,-1.141327496291115878e-01,1.000000000000000000e+00
-3.184657911875389269e-01,-8.796913052789703258e-01,-1.000000000000000000e+00
7.054170359887401709e-01,7.086585213346547896e-01,-1.000000000000000000e+00
-1.590748397583643253e-02,4.403355857226368131e-01,1.000000000000000000e+00
-7.373695981073776773e-01,-7.698771633750872700e-01,-1.000000000000000000e+00
2.467844473660205096e-01,3.984370533292024841e-01,1.000000000000000000e+00
1.958990819714797813e-02,-1.027729373167808324e+00,-1.000000000000000000e+00
5.070429000750706905e-01,1.872493845281583691e-02,1.000000000000000000e+00
-5.544783563780882885e-01,-7.655387319375744903e-01,-1.000000000000000000e+00
3.886236441647507589e-01,-2.306984312769982670e-01,1.000000000000000000e+00
-4.490653848442128782e-01,4.336166974255088041e-02,1.000000000000000000e+00
-4.417107014882633020e-01,-1.549743736529778093e-02,1.000000000000000000e+00
-5.629310855497287047e-01,-6.501749144197963015e-02,1.000000000000000000e+00
4.299919580567386213e-01,2.931614578224985834e-01,1.000000000000000000e+00
-9.877416736176949930e-02,9.802984706055394293e-01,-1.000000000000000000e+00
-3.248214642141435959e-01,5.532934575044811121e-01,1.000000000000000000e+00
3.343377895469993311e-01,1.783157833351289856e-01,1.000000000000000000e+00
4.474810360395123920e-01,-1.016782618415918993e-01,1.000000000000000000e+00
8.330664915747806321e-01,-4.666927244799025376e-02,-1.000000000000000000e+00
-3.730399854382421831e-01,-8.006989939439348447e-01,-1.000000000000000000e+00
2.384004111625148137e-01,3.564567488701242404e-01,1.000000000000000000e+00
-7.086492833235630284e-01,7.119651462956966270e-01,-1.000000000000000000e+00
-7.120957821394675868e-02,6.311172086330357756e-01,1.000000000000000000e+00
-9.892508393803720601e-01,5.799460177808299921e-01,-1.000000000000000000e+00
3.551037057266199226e-01,9.470531801253702087e-01,-1.000000000000000000e+00
2.923197849171025320e-01,-4.143829393840336994e-01,1.000000000000000000e+00
-4.513349659166241978e-01,3.934409103179889455e-01,1.000000000000000000e+00
-1.176239388474434322e-02,9.500854277704168238e-01,-1.000000000000000000e+00
5.463463492079017048e-01,9.672906713357543040e-01,-1.000000000000000000e+00
-8.080795706758245878e-01,4.246963404415285970e-01,-1.000000000000000000e+00
-3.433343135719950090e-01,-4.943867197654747692e-01,1.000000000000000000e+00
-2.414828570186395018e-01,-3.553077390626324661e-01,1.000000000000000000e+00
-1.802028850187158970e-01,-7.839615740582273062e-01,-1.000000000000000000e+00
-8.180666378346335144e-01,7.164342550235150986e-01,-1.000000000000000000e+00
7.561532511692002911e-01,3.037510644008927230e-01,-1.000000000000000000e+00
6.515914999222656157e-01,-4.301473625490714187e-02,1.000000000000000000e+00
2.025488360015268996e-01,-6.563807175053919529e-01,1.000000000000000000e+00
1.542090430832102621e-01,-4.565953414998151771e-01,1.000000000000000000e+00
3.367563811459493017e-01,-1.268891534292897194e-02,1.000000000000000000e+00
4.133172335688838350e-01,8.805049979938739391e-01,-1.000000000000000000e+00
6.573072768513968933e-01,5.025558137248785640e-01,-1.000000000000000000e+00
-3.326985245204971964e-01,-3.958466300563237006e-01,1.000000000000000000e+00
7.348088758473779736e-01,-5.697242804156193996e-01,-1.000000000000000000e+00
-5.466103457852436454e-02,7.352176089175451734e-01,-1.000000000000000000e+00
-8.306972350308508002e-01,3.475193539696880274e-01,-1.000000000000000000e+00
3.300198818466803519e-01,4.085161730886642806e-01,1.000000000000000000e+00
-7.830097008329180985e-01,4.638783217387573710e-01,-1.000000000000000000e+00
8.918192928792845198e-01,-3.220600743899950658e-01,-1.000000000000000000e+00
-1.511163030285452014e-01,2.938838874944852408e-01,1.000000000000000000e+00
-2.265547934872424451e-01,-3.602343954354983446e-01,1.000000000000000000e+00
-5.632367577268524439e-01,3.327730506954962308e-01,1.000000000000000000e+00
-1.365543668881941640e-02,5.362168500326711662e-01,1.000000000000000000e+00
-3.604058208863491486e-01,-3.678390925550296120e-01,1.000000000000000000e+00
-3.261841543754036010e-01,-4.256903078348419078e-01,1.000000000000000000e+00
-9.900288463801170113e-01,4.351674686086707822e-01,-1.000000000000000000e+00
-5.216683418111597303e-01,8.216001050951269313e-01,-1.000000000000000000e+00
-1.137733742119429348e+00,4.153817047292773790e-02,-1.000000000000000000e+00
-4.293335181486308549e-01,2.777464153791144308e-01,1.000000000000000000e+00
-5.102831509105427710e-01,-4.290719075707383756e-01,1.000000000000000000e+00
-8.661890055336269878e-01,-4.571693886498413573e-01,-1.000000000000000000e+00
1.381310686658008269e-01,3.923581343248897513e-01,1.000000000000000000e+00
-2.616936849885267979e-01,-2.656130078497540570e-01,1.000000000000000000e+00
-6.454289829927455369e-01,-6.869363033730656598e-01,-1.000000000000000000e+00
1.601971349890696922e-02,-6.442507358086146940e-01,1.000000000000000000e+00
5.755387801373766932e-01,1.697349640165649876e-01,1.000000000000000000e+00
1.082170321211837205e+00,2.368768376925614871e-01,-1.000000000000000000e+00
7.870876399124600020e-01,-4.558527569733896168e-01,-1.000000000000000000e+00
4.617333107828014427e-01,-9.362042110436190334e-02,1.000000000000000000e+00
-3.877211240844209428e-01,1.090026113801957491e-01,1.000000000000000000e+00
1.108796716337297900e-01,-1.061762635544245992e+00,-1.000000000000000000e+00
9.217101304373325199e-01,-2.210245036217030612e-01,-1.000000000000000000e+00
2.123105098818334757e-01,3.886874292455299584e-01,1.000000000000000000e+00
7.020650807832581330e-01,-4.737763617004988603e-01,-1.000000000000000000e+00
4.381086871095846158e-01,-2.775567928912962001e-01,1.000000000000000000e+00
2.693915351405353764e-01,9.109911015157023950e-01,-1.000000000000000000e+00
2.754323285872393723e-01,5.109082583268660382e-01,1.000000000000000000e+00
-2.499735251126397051e-01,-6.674210506293306588e-01,1.000000000000000000e+00
-2.468815856907131123e-01,-6.256852507321264412e-01,1.000000000000000000e+00
4.641339262643413566e-01,-9.918323136394294748e-01,-1.000000000000000000e+00
-1.054174236613725640e-01,-3.217385002525696702e-01,1.000000000000000000e+00
-2.477031976170928143e-02,-5.360004709085260943e-01,1.000000000000000000e+00
2.763790480449853648e-01,-5.276385995574846000e-01,1.000000000000000000e+00
3.254013251725360600e-01,5.063462664505252731e-01,1.000000000000000000e+00
-4.549159931756600050e-01,-8.696185490175142307e-01,-1.000000000000000000e+00
2.826996919374766826e-01,1.112366937872733441e+00,-1.000000000000000000e+00
7.635879320596546949e-01,4.499853186012717221e-02,1.000000000000000000e+00
-3.886100830425371910e-01,9.458072792245325600e-01,-1.000000000000000000e+00
-1.537802667659983469e-01,1.062133320766047717e+00,-1.000000000000000000e+00
3.080063870069146836e-01,-5.560125452982990213e-01,1.000000000000000000e+00
3.584394010933104613e-01,9.172553591145968799e-01,-1.000000000000000000e+00
-4.860460405560504960e-01,2.117051414016017652e-01,1.000000000000000000e+00
2.175309911072535740e-01,-4.814654386686493814e-01,1.000000000000000000e+00
2.180461395452614748e-01,7.554675223905095161e-01,-1.000000000000000000e+00
-3.130157867705697372e-01,1.962956227780576213e-01,1.000000000000000000e+00
3.486153670687688888e-01,1.095231913037691296e+00,-1.000000000000000000e+00
8.281001843055857403e-01,-4.656356991775777443e-01,-1.000000000000000000e+00
-2.919573105769871502e-01,2.755226914382574027e-02,1.000000000000000000e+00
4.358781610918457394e-01,5.350746004279584994e-02,1.000000000000000000e+00
-1.009247823001199196e+00,3.498694270601890866e-01,-1.000000000000000000e+00
9.908222096216245944e-01,1.176269975447336302e-01,-1.000000000000000000e+00
4.002918196869367784e-01,-3.303695720477736186e-01,1.000000000000000000e+00
4.078244621883553300e-01,-2.611679511123518038e-01,1.000000000000000000e+00
-5.322965609865080994e-02,5.742116391384531893e-01,1.000000000000000000e+00
-3.715565371208462420e-01,3.793110071856943821e-01,1.000000000000000000e+00
3.510044547620094768e-01,-8.471950093851305930e-01,-1.000000000000000000e+00
-7.913139061900764659e-02,3.905888191890085626e-01,1.000000000000000000e+00
5.214786203763834838e-01,6.275306951358861074e-01,-1.000000000000000000e+00
1.074204562248362027e+00,-2.867012905682810864e-01,-1.000000000000000000e+00
5.810792817660355158e-01,-9.961900143688566522e-02,1.000000000000000000e+00
5.655654248154882158e-01,6.178806584526491674e-01,-1.000000000000000000e+00
-6.650250261342983693e-01,-3.800726874633281738e-01,1.000000000000000000e+00
-2.689668357962701206e-01,-1.842307419287090298e-01,1.000000000000000000e+00
2.099306269685460025e-01,-6.580453789747329196e-01,1.000000000000000000e+00
4.967415258559877422e-01,-3.988183646911802605e-02,1.000000000000000000e+00
4.708424051659391707e-01,2.810115581405410179e-01,1.000000000000000000e+00
-3.701917825543759588e-01,1.576597050508839193e-01,1.000000000000000000e+00
3.202404422397399086e-01,3.710239503255634980e-02,1.000000000000000000e+00
-4.502457915870808902e-01,3.000249293129572115e-01,1.000000000000000000e+00
-1.358329872112872261e-01,3.713250733874341458e-01,1.000000000000000000e+00
4.059311596158560187e-01,3.279604341355852326e-01,1.000000000000000000e+00
2.850605560474955280e-01,-4.631850444485613449e-01,1.000000000000000000e+00
4.806207394063322091e-02,-9.866357297154334516e-01,-1.000000000000000000e+00
3.445544344628931333e-01,9.386533153560546738e-01,-1.000000000000000000e+00
3.121547271353400377e-03,-1.006599480953050518e+00,-1.000000000000000000e+00
7.791843352859737504e-01,-7.020908937160560415e-01,-1.000000000000000000e+00
-8.775969426797386452e-01,-2.791509426388825155e-01,-1.000000000000000000e+00
-6.562726758928092430e-01,-7.572673428431607734e-01,-1.000000000000000000e+00
-5.961956101452899892e-01,-8.938303083446912101e-02,1.000000000000000000e+00
-7.549844407796995061e-01,5.967542094460375202e-01,-1.000000000000000000e+00
6.574105506988048298e-01,7.806292511292596270e-01,-1.000000000000000000e+00
3.970780369184400138e-01,-3.510817322180266875e-01,1.000000000000000000e+00
3.607156106103281412e-01,-2.032631282000105788e-01,1.000000000000000000e+00
-7.579972257958594861e-01,7.122749977568366697e-01,-1.000000000000000000e+00
7.458876858358858275e-01,-5.344780170129179719e-01,-1.000000000000000000e+00
-3.456160116915971692e-01,7.788180801650917973e-01,-1.000000000000000000e+00
1.208800415148677976e+00,-2.746044723879859095e-02,-1.000000000000000000e+00
-8.614435272134187693e-01,3.216576360156239711e-01,-1.000000000000000000e+00
9.452026375052204055e-02,-6.905136153693351986e-01,-1.000000000000000000e+00
-1.050457735815351623e-01,4.571492417208926073e-01,1.000000000000000000e+00
-2.089791017913515403e-01,-2.462499506900981960e-01,1.000000000000000000e+00
-3.288389489016104728e-01,-1.163964272640148068e-01,1.000000000000000000e+00
-1.691546764551825066e-01,6.831652589018467614e-01,1.000000000000000000e+00
9.939549096472320711e-02,-9.922002976752462011e-01,-1.000000000000000000e+00
9.896319127223172085e-01,-4.718865145005725625e-01,-1.000000000000000000e+00
-3.967103833904425669e-01,4.513438319024344891e-01,1.000000000000000000e+00
1.118818468996355175e+00,2.681191389332732711e-01,-1.000000000000000000e+00
1.116450526736697743e-02,-5.767359272961474215e-01,1.000000000000000000e+00
4.531168405754086304e-01,2.360362845406495935e-01,1.000000000000000000e+00
-7.842628541645965123e-01,5.113314183829706927e-01,-1.000000000000000000e+00
8.478227363560234542e-01,7.037159847405923818e-01,-1.000000000000000000e+00
-6.346952287524481040e-01,6.640999712769597441e-01,-1.000000000000000000e+00
8.787596020945423470e-02,-1.149987856534395059e+00,-1.000000000000000000e+00
5.846086536280064028e-01,-7.506068801439829130e-01,-1.000000000000000000e+00
-1.140099067467566507e-01,-5.023322734625362829e-01,1.000000000000000000e+00
5.242735654874489670e-01,-4.941943894221774158e-01,1.000000000000000000e+00
2.508790991308005314e-01,9.205522989493570840e-01,-1.000000000000000000e+00
3.596635839217587893e-01,3.043157027042054930e-01,1.000000000000000000e+00
7.815697746518602829e-01,-9.104961552094755772e-01,-1.000000000000000000e+00
7.805282011488979821e-01,7.186701555949814857e-01,-1.000000000000000000e+00
-4.640160946170742151e-01,-3.218240173912890190e-01,1.000000000000000000e+00
-8.446674288597831870e-01,6.580424319000628408e-01,-1.000000000000000000e+00
2.844363803502825139e-01,5.709350103593336945e-01,1.000000000000000000e+00
-4.459045766340707928e-04,5.042867630181884220e-01,1.000000000000000000e+00
3.238508614314720702e-01,-1.897321151895978997e-01,1.000000000000000000e+00
-4.324785746932971464e-01,-2.920728643912428590e-01,1.000000000000000000e+00
-4.827115492275216857e-01,-9.569553992018726973e-02,1.000000000000000000e+00
-8.399391204097537145e-01,-8.704170545455486296e-01,-1.000000000000000000e+00
-2.402205852920872853e-01,-5.825851839540266974e-01,1.000000000000000000e+00
-1.958846634575935053e-02,-5.054707808519377510e-01,1.000000000000000000e+00
8.161135371228953606e-01,6.432414247627693538e-04,-1.000000000000000000e+00
1.709612781914251478e-01,-2.647299044736917129e-01,1.000000000000000000e+00
-9.954401092753419888e-01,-5.658426677502749469e-02,-1.000000000000000000e+00
5.210336024154182955e-01,-3.692206508334486270e-02,1.000000000000000000e+00
-4.908304798666754953e-01,-5.833420185205293040e-02,1.000000000000000000e+00
-1.938676819381091043e-03,-9.738522558110491723e-01,-1.000000000000000000e+00
5.107394540166285690e-01,1.929189452391346926e-01,1.000000000000000000e+00
-6.665222790058829005e-01,-6.640224189536019228e-01,-1.000000000000000000e+00
8.653758585138621173e-01,3.155108285912052168e-01,-1.000000000000000000e+00
-1.847680757608513580e-01,2.674622011572902469e-01,1.000000000000000000e+00
-9.060983142350422792e-01,1.263352480539833012e-01,-1.000000000000000000e+00
-7.366714084759014292e-02,-9.772070227525259112e-01,-1.000000000000000000e+00
-4.317759355507831409e-01,-9.252405572806928769e-01,-1.000000000000000000e+00
5.168723953800573589e-01,1.568623649049478708e-01,1.000000000000000000e+00
-6.082108740041171080e-01,1.209941317166635111e-01,1.000000000000000000e+00
7.054144186072629497e-01,-8.924604234174655648e-01,-1.000000000000000000e+00
4.794592322157132935e-01,-4.532168231247006851e-01,1.000000000000000000e+00
-4.499419799256600960e-01,-2.058451384404126339e-01,1.000000000000000000e+00
-4.294309411711211277e-01,1.200821087437510259e-01,1.000000000000000000e+00
-1.531068169525400535e-01,3.425408471377394126e-01,1.000000000000000000e+00
-3.024824682719656765e-01,6.269867295824668174e-01,1.000000000000000000e+00
-1.837030183846313225e-01,-4.916998712693544382e-01,1.000000000000000000e+00
-3.405632263350275024e-01,1.120558359236370150e+00,-1.000000000000000000e+00
-3.737812651112085160e-01,2.615540989942755079e-01,1.000000000000000000e+00
-7.539136563777575073e-02,-1.004403865152848851e+00,-1.000000000000000000e+00
-1.077706933485504504e+00,-2.452248003869737791e-01,-1.000000000000000000e+00
-5.030480178749658915e-01,2.534114262740388979e-01,1.000000000000000000e+00
2.136312313374612998e-02,2.680747848882738538e-01,1.000000000000000000e+00
7.100524672310890573e-01,4.286657283840819010e-01,1.000000000000000000e+00
-2.293790452172177474e-01,-2.813880296731262609e-01,1.000000000000000000e+00
-2.106814900930939483e-01,-3.839600939648074029e-01,1.000000000000000000e+00
-3.168542908315888362e-01,-2.866954559015759685e-01,1.000000000000000000e+00
6.871032300750870014e-01,1.035242594672297345e-01,-1.000000000000000000e+00
9.363537938237683766e-01,8.600252996973192232e-01,-1.000000000000000000e+00
5.440774615158204819e-01,9.974471961245785501e-01,-1.000000000000000000e+00
-2.356437168106776947e-01,-1.088942436936250147e+00,-1.000000000000000000e+00
-2.326353534747929164e-01,8.929606714986626503e-01,-1.000000000000000000e+00
1.006955368508584581e+00,2.878913820695890857e-01,-1.000000000000000000e+00
7.288850884742790193e-01,2.508953061802937645e-01,1.000000000000000000e+00
2.605639987243590916e-01,5.414836893526456807e-01,1.000000000000000000e+00
5.427075573790312024e-01,1.998051489026770322e-01,1.000000000000000000e+00
-1.402136560614032912e-01,-3.723184845125393494e-01,1.000000000000000000e+00
3.174333949035073044e-01,-6.421146152320791334e-01,1.000000000000000000e+00
4.931652527394357888e-01,1.838384182752931528e-01,1.000000000000000000e+00
-5.338882364190208341e-01,9.257107083832162298e-01,-1.000000000000000000e+00
-6.458430774356310744e-01,4.733373334126133036e-01,-1.000000000000000000e+00
-2.081054580401294762e-01,-5.165120222433049468e-01,1.000000000000000000e+00
3.282461459174736973e-01,-4.001738341565519441e-01,1.000000000000000000e+00
8.635998356239855678e-01,-6.736041184448513519e-01,-1.000000000000000000e+00
-9.247581515871504676e-01,-1.413470441654146037e-01,-1.000000000000000000e+00
-7.868869383782898241e-01,-8.315640584156882564e-01,-1.000000000000000000e+00
5.251831895224473579e-01,-2.570701724134636934e-01,1.000000000000000000e+00
-4.468790035789024784e-02,5.686373474772358216e-01,1.000000000000000000e+00
9.318886218453106274e-01,3.841660350825797376e-01,-1.000000000000000000e+00
-8.406140376752705423e-01,6.095123902525925175e-01,-1.000000000000000000e+00
-1.083281476179785152e-01,4.686729966544758708e-01,1.000000000000000000e+00
7.913037962198944397e-01,-2.177585812216411565e-01,-1.000000000000000000e+00
5.427164243397897270e-03,4.119376354723610079e-01,1.000000000000000000e+00
-3.832860617681488336e-01,1.052613606779333327e-01,1.000000000000000000e+00
-1.039255224839694541e-01,-3.615019028905507303e-01,1.000000000000000000e+00
8.964915548001224366e-01,-3.380149580224153238e-01,-1.000000000000000000e+00
-6.864768288508303895e-01,9.415815693851256052e-01,-1.000000000000000000e+00
-1.108021451672182689e+00,3.653104648298866053e-01,-1.000000000000000000e+00
-6.291574194091819061e-01,-1.533451606996465988e-01,1.000000000000000000e+00
-1.114473353776733067e+00,1.329834835196278819e-01,-1.000000000000000000e+00
-2.698854693984109043e-01,-9.035698337472289898e-01,-1.000000000000000000e+00
2.098756559571709479e-01,-9.776408359336689058e-01,-1.000000000000000000e+00
-8.862285995465535304e-01,7.497297765012954640e-01,-1.000000000000000000e+00
-5.779812585190889918e-01,-1.861172631431105284e-01,1.000000000000000000e+00
5.446690453320941483e-01,7.464534984880968893e-02,1.000000000000000000e+00
1.271910116730498586e-01,-3.065372363076084294e-01,1.000000000000000000e+00
-1.257553833414544464e-01,5.856255821215303747e-01,1.000000000000000000e+00
4.887026106858080032e-01,6.238465768992823568e-01,-1.000000000000000000e+00
4.593038646824102456e-01,-1.025761060974407890e+00,-1.000000000000000000e+00
-3.972460425025164943e-01,-1.407205307624003199e-01,1.000000000000000000e+00
-6.831678616716614361e-01,5.876447396036968418e-02,1.000000000000000000e+00
8.984842725355658422e-01,-4.265033065689096126e-01,-1.000000000000000000e+00
6.964999426837634733e-01,8.072971361143673752e-01,-1.000000000000000000e+00
1.490721458947593114e-01,5.995613103892261098e-01,1.000000000000000000e+00
-6.375202245049124139e-01,-8.820473246957178937e-01,-1.000000000000000000e+00
-4.686040118022163359e-01,9.177799772245535115e-01,-1.000000000000000000e+00
-4.434771268948639600e-01,-3.895244309411298178e-01,1.000000000000000000e+00
4.764875405577017609e-01,-2.382896731671871604e-01,1.000000000000000000e+00
7.640479773987282064e-01,-8.267879302978520251e-01,-1.000000000000000000e+00
-3.426945120053691007e-01,-4.808847898117908914e-01,1.000000000000000000e+00
-1.549820108926170947e-01,-9.990742099795067999e-01,-1.000000000000000000e+00
2.534227259653885622e-01,-3.403911265827317401e-01,1.000000000000000000e+00
3.766755582560791238e-01,-3.712228101782775735e-01,1.000000000000000000e+00
-2.825397484724551656e-01,2.340128089826866431e-01,1.000000000000000000e+00
-7.799348608146186024e-01,1.496755000650726586e-01,-1.000000000000000000e+00
-3.614950829526910048e-01,1.214282595014348487e-01,1.000000000000000000e+00
5.698678735249258498e-01,-1.549657008222551924e-02,1.000000000000000000e+00
9.221043978909190253e-01,6.265293901501893803e-01,-1.000000000000000000e+00
9.768390663992382317e-01,9.814965207201975517e-02,-1.000000000000000000e+00
5.024117092316342514e-01,7.745975781955632966e-02,1.000000000000000000e+00
2.209516507371204752e-01,3.752428779900953137e-01,1.000000000000000000e+00
-7.307442558038427238e-01,-4.631110098166141831e-01,-1.000000000000000000e+00
-2.612016867362613182e-01,5.857559573482526982e-01,1.000000000000000000e+00
6.133779977344090417e-01,7.401504203480941957e-01,-1.000000000000000000e+00
-8.093202802316061817e-01,5.138454027103692701e-01,-1.000000000000000000e+00
-9.357394488851746850e-01,9.717639244796488773e-03,-1.000000000000000000e+00
8.940683471769256263e-01,6.811352863240516253e-02,-1.000000000000000000e+00
-3.635939151013409254e-01,-3.197369019902296383e-01,1.000000000000000000e+00
5.447475526038164650e-01,-8.382045835592774052e-01,-1.000000000000000000e+00
1.112519214641190801e-01,4.256598707251958436e-01,1.000000000000000000e+00
-4.610426689732270988e-01,-6.939913498728797481e-02,1.000000000000000000e+00
5.897493333573179397e-01,-8.066182254434627330e-01,-1.000000000000000000e+00
-1.480060512139866891e-01,-4.805151896698843794e-01,1.000000000000000000e+00
2.357993660225341792e-01,1.107699906310073701e-01,1.000000000000000000e+00
1.929561809942701711e-01,-1.129059926222365728e+00,-1.000000000000000000e+00
-8.832436467719539941e-02,3.431734461364515099e-01,1.000000000000000000e+00
8.604342664900864746e-01,3.607015163177739736e-01,-1.000000000000000000e+00
1.044461440622781234e+00,5.984046598709106268e-01,-1.000000000000000000e+00
-7.738007662616825932e-01,1.194876206289910009e-01,-1.000000000000000000e+00
-5.793286488227255004e-01,-6.958034263269750053e-01,-1.000000000000000000e+00
1.062067971524772281e+00,2.081022703386433692e-01,-1.000000000000000000e+00
-4.309827139807571594e-01,-1.611986776204488159e-02,1.000000000000000000e+00
-1.999733895801645289e-01,9.161849622321851516e-01,-1.000000000000000000e+00
-2.357488216317383256e-01,-4.007722196134639869e-01,1.000000000000000000e+00
-5.063538110850052121e-01,3.707370925386588301e-02,1.000000000000000000e+00
5.671056392040533245e-01,-8.906550463043009236e-01,-1.000000000000000000e+00
-3.382176194299751915e-01,9.373801467700082490e-01,-1.000000000000000000e+00
-7.064323216744811118e-01,4.933010640865645446e-01,-1.000000000000000000e+00
5.237901622671107260e-01,-1.758068736078142735e-01,1.000000000000000000e+00
-1.924834077422293843e-02,4.991677347072909221e-01,1.000000000000000000e+00
-5.579262625289478361e-01,6.665660090149192474e-01,-1.000000000000000000e+00
-2.798311760901143197e-01,-8.948626820071853283e-01,-1.000000000000000000e+00
7.957456879179827247e-01,6.289439929581965849e-01,-1.000000000000000000e+00
-3.356543400758402740e-01,-2.225168700297519286e-01,1.000000000000000000e+00
-9.219209631711687836e-01,-3.480768023814084788e-01,-1.000000000000000000e+00
-3.652575213157835399e-01,7.496690736294640001e-01,-1.000000000000000000e+00
-8.709395099061199019e-01,-6.103817356386700421e-01,-1.000000000000000000e+00
6.331104324092238222e-01,1.587959950757640848e-01,1.000000000000000000e+00
-4.356708319633784132e-01,-1.536020673036885276e-01,1.000000000000000000e+00
-4.877062763894436381e-01,-1.044840187832922318e+00,-1.000000000000000000e+00
3.305015282576518887e-01,1.060371519856173839e+00,-1.000000000000000000e+00
-4.210862367713336663e-01,4.100342444351935678e-02,1.000000000000000000e+00
-4.479454664421904098e-01,-6.881059669202487239e-01,-1.000000000000000000e+00
-3.243867088280886768e-01,-5.546832763480025186e-01,1.000000000000000000e+00
5.422297209416502284e-01,3.054551590279855344e-01,1.000000000000000000e+00
-8.760208243167574294e-01,-1.431620675710191248e-01,-1.000000000000000000e+00
-5.261399837418130332e-01,-2.142487084506907169e-01,1.000000000000000000e+00
4.935031757535743302e-01,1.097046034325671326e-01,1.000000000000000000e+00
6.766792787107268614e-01,-1.423544141215593584e-03,1.000000000000000000e+00
4.724635792790496946e-01,1.425972342318164443e-01,1.000000000000000000e+00
-7.605681425575924193e-01,-2.244337060081333657e-01,1.000000000000000000e+00
4.864135718566137689e-01,-5.559810079085734935e-02,1.000000000000000000e+00
1.164047414049148438e-01,3.005808518938112850e-01,1.000000000000000000e+00
-1.041682325163448164e+00,4.908546049253909582e-01,-1.000000000000000000e+00
-9.094123458898230039e-01,-3.977981887293725594e-01,-1.000000000000000000e+00
5.810511004510637845e-01,1.690541179763137003e-01,1.000000000000000000e+00
-3.730864214671653079e-02,-3.717259521949806689e-01,1.000000000000000000e+00
-7.134564553399229681e-01,-9.144466441854065542e-01,-1.000000000000000000e+00
9.668832460411620477e-01,4.871873803939151815e-01,-1.000000000000000000e+00
9.671206435215859987e-01,-5.149242165649523528e-01,-1.000000000000000000e+00
-6.536828895379591664e-01,9.613784551272035461e-01,-1.000000000000000000e+00
-3.353296263815475076e-01,5.310687476810972002e-02,1.000000000000000000e+00
3.402445634610823944e-01,-5.317630954847037961e-01,1.000000000000000000e+00
8.209382630696866467e-01,5.396755731251546839e-01,-1.000000000000000000e+00
-4.174354060018655582e-02,8.248636449561012052e-01,-1.000000000000000000e+00
7.752731733566545769e-01,1.757162698882219765e-01,1.000000000000000000e+00
5.073091645958187623e-01,-1.008522546266465092e+00,-1.000000000000000000e+00
4.016187389169567634e-01,-3.643078672258901474e-01,1.000000000000000000e+00
9.762316862035003151e-01,2.979310265921224499e-01,-1.000000000000000000e+00
6.672969644654439536e-01,-2.663592770960549472e-01,-1.000000000000000000e+00
2.887799335310572424e-01,4.082425692191070099e-01,1.000000000000000000e+00
-4.489667241018907573e-01,4.702671465352444846e-01,1.000000000000000000e+00
-3.231490501078813082e-01,-9.142490480445060186e-01,-1.000000000000000000e+00
-9.944554438257657836e-01,8.497112311666328299e-01,-1.000000000000000000e+00
-5.067102945073470588e-01,-8.431169801891761351e-01,-1.000000000000000000e+00
-1.006009298776484373e+00,-3.329882440643695540e-01,-1.000000000000000000e+00
-6.606816513068902719e-02,-1.035797605851951575e+00,-1.000000000000000000e+00
-7.271206409938846260e-01,-8.049583934143160757e-01,-1.000000000000000000e+00
-3.273932114344408340e-01,3.233189629720589764e-01,1.000000000000000000e+00
4.483486176504746235e-01,4.079617918368450523e-03,1.000000000000000000e+00
-5.801087517030537599e-01,1.076323841710474571e+00,-1.000000000000000000e+00
-2.075271862632393216e-01,-4.520131842513196996e-01,1.000000000000000000e+00
-3.815983917227742661e-01,4.080569656710711923e-01,1.000000000000000000e+00
-1.285667921330380103e-01,1.060981816178635517e+00,-1.000000000000000000e+00
4.359503225993085485e-01,3.354989171506708168e-01,1.000000000000000000e+00
1.634485122779051891e-01,-7.077893124437026895e-01,-1.000000000000000000e+00
-1.013821197661240320e-01,5.732828999605334985e-01,1.000000000000000000e+00
1.171939183471510271e+00,5.286280330122464788e-01,-1.000000000000000000e+00
2.548409671460882264e-01,9.590657247527417661e-01,-1.000000000000000000e+00
-2.936002110378052032e-01,-3.027667000795909447e-01,1.000000000000000000e+00
-2.597429390157519613e-01,3.919739740021640495e-01,1.000000000000000000e+00
-1.337915907539110050e-01,-5.091056610514334002e-01,1.000000000000000000e+00
4.186720875213644777e-01,-1.603589961554760523e-02,1.000000000000000000e+00
-8.975181775738652057e-01,6.017800766471886886e-02,-1.000000000000000000e+00
6.769391395148255386e-01,-8.912408665079474268e-02,1.000000000000000000e+00
-8.127942119500441986e-01,4.312655440409958185e-01,-1.000000000000000000e+00
2.453651188117511872e-01,4.773373370284952344e-01,1.000000000000000000e+00
1.625063905382651275e-01,9.264905405808712135e-01,-1.000000000000000000e+00
1.286850618458008910e-01,-4.602150288794608635e-01,1.000000000000000000e+00
-9.486988848255355211e-02,-8.038425618331783706e-01,-1.000000000000000000e+00
7.761403881405060101e-03,3.728952108402180388e-01,1.000000000000000000e+00
-8.152667404692052200e-01,3.981542240110885755e-02,-1.000000000000000000e+00
-6.769702699652098143e-01,1.941771875730394781e-01,1.000000000000000000e+00
3.123521681059235888e-01,6.318153157268632247e-01,1.000000000000000000e+00
4.447887639999696663e-02,-5.174031770802303143e-01,1.000000000000000000e+00
-5.117231575461107518e-01,-2.593324705856033252e-01,1.000000000000000000e+00
8.951142188953220558e-01,7.310710078300761694e-01,-1.000000000000000000e+00
-5.809524575628415288e-01,2.071663766452224997e-01,1.000000000000000000e+00
2.513869395060153722e-01,4.825969004950055874e-01,1.000000000000000000e+00
-8.441438668929830413e-01,-6.433004159688642254e-01,-1.000000000000000000e+00
-7.067193314447699493e-01,-6.411828025564203504e-01,-1.000000000000000000e+00
1.162847718746737591e-01,4.183814647324649583e-01,1.000000000000000000e+00
-1.067648882458077098e-01,-4.454788658958959702e-01,1.000000000000000000e+00
-3.478524051321484345e-01,2.648598079357090684e-01,1.000000000000000000e+00
-5.566207128533755544e-01,3.915505818488186351e-01,1.000000000000000000e+00
-4.006762255902566738e-01,1.043744974913411783e+00,-1.000000000000000000e+00
-2.364052410512814395e-01,-1.326649498744466360e+00,-1.000000000000000000e+00
3.803160696791181294e-01,-9.849523411969063336e-01,-1.000000000000000000e+00
6.777825452834357334e-01,-8.012310667540983866e-01,-1.000000000000000000e+00
-7.348762037153061533e-01,-4.600488806351978321e-01,-1.000000000000000000e+00
-4.753372386202264210e-01,-2.015539301278935214e-01,1.000000000000000000e+00
-3.820552296345023358e-01,-7.927986762798431286e-01,-1.000000000000000000e+00
2.747766956952548689e-01,-7.686916737786165799e-01,-1.000000000000000000e+00
-4.131120965862528083e-01,9.012615370879240029e-01,-1.000000000000000000e+00
1.204184704166978703e-02,-4.867985655714904270e-01,1.000000000000000000e+00
1.022143871741639343e+00,5.272127159054912360e-02,-1.000000000000000000e+00
4.152817928334112119e-01,5.873995576756563253e-01,1.000000000000000000e+00
2.787356951035205865e-01,-1.053998169914717620e+00,-1.000000000000000000e+00
-5.309586304638251875e-01,-8.990738312602988280e-01,-1.000000000000000000e+00
-4.160301280597465956e-01,-2.001889008426801508e-01,1.000000000000000000e+00
-1.143745431078955210e+00,-1.055341735565086952e-01,-1.000000000000000000e+00
-3.451173236471587191e-02,-1.050622572334461324e+00,-1.000000000000000000e+00
-1.490631521219591971e-01,-5.080487645583072753e-01,1.000000000000000000e+00
6.763288982264550331e-01,-8.472683426447874533e-01,-1.000000000000000000e+00
-9.788513348674728887e-01,-1.764870512610726971e-01,-1.000000000000000000e+00
-9.654016196460593058e-01,1.891013782200099413e-01,-1.000000000000000000e+00
-3.710598772417791347e-01,2.583992813200775007e-01,1.000000000000000000e+00
-1.477514959892219093e-01,4.121074722314933547e-01,1.000000000000000000e+00
-5.610822926265797150e-01,3.797501389140395256e-02,1.000000000000000000e+00
-6.036966469255862500e-02,3.499917812952326734e-01,1.000000000000000000e+00
4.146743067558759099e-01,-8.354995560205671357e-01,-1.000000000000000000e+00
-8.779441168965457232e-01,-2.056485283799746044e-01,-1.000000000000000000e+00
2.466236047283505983e-01,-4.802871395987644010e-01,1.000000000000000000e+00
-9.514103081249044580e-01,-5.080278983788332620e-03,-1.000000000000000000e+00
4.731513971599166646e-01,-1.000855657357457185e+00,-1.000000000000000000e+00
4.274289584022933908e-01,3.133533455996677097e-01,1.000000000000000000e+00
-4.842393523485307716e-01,6.964921986675758347e-01,-1.000000000000000000e+00
-7.174173342530056896e-01,-8.578138552243583792e-01,-1.000000000000000000e+00
-3.909251012775905587e-01,1.994740115710525175e-01,1.000000000000000000e+00
-1.466478317963711697e-01,3.700770381201495263e-01,1.000000000000000000e+00
6.839249346713436317e-01,-5.557122779320340378e-01,-1.000000000000000000e+00
8.968627996506536304e-01,-4.808072554250573255e-02,-1.000000000000000000e+00
1.219917607953208138e-02,-4.341406171575865058e-01,1.000000000000000000e+00
5.401779898505267852e-01,-4.524716761010664223e-01,1.000000000000000000e+00
1.545269886945456195e-01,-9.763225468555013498e-01,-1.000000000000000000e+00
1.703852800102159115e-01,-4.018012019745664243e-01,1.000000000000000000e+00
3.825538671176230698e-01,2.682979271906745788e-01,1.000000000000000000e+00
2.947354130239516756e-01,1.750685128588852502e-01,1.000000000000000000e+00
5.763232340991912839e-01,3.720986977044108968e-01,1.000000000000000000e+00
-5.664923316851711022e-01,3.579994237636746623e-01,1.000000000000000000e+00
-4.313646207857922410e-01,-3.992753450576909113e-01,1.000000000000000000e+00
-8.121085901831237575e-01,8.151011317872495221e-01,-1.000000000000000000e+00
-4.640989900053615891e-01,1.000324811109105427e+00,-1.000000000000000000e+00
-4.248948401099255090e-01,3.252803757456470546e-01,1.000000000000000000e+00
-6.128159030691628928e-01,-3.929731060564634060e-02,1.000000000000000000e+00
-6.943041992679799268e-01,7.982462974036981240e-01,-1.000000000000000000e+00
1.286120502972877833e-01,6.736723090065442898e-01,1.000000000000000000e+00
-4.207115458793039275e-01,1.030808697036405652e+00,-1.000000000000000000e+00
-4.059074804707477058e-01,1.167922420581793297e+00,-1.000000000000000000e+00
-5.551766868220198159e-01,-6.661662876497737029e-02,1.000000000000000000e+00
-9.199866580786782988e-01,-2.372092042126026645e-01,-1.000000000000000000e+00
7.537763246801776340e-02,6.568306115887401209e-01,1.000000000000000000e+00
1.022123629825523405e+00,-3.207201312591549391e-01,-1.000000000000000000e+00
3.420504777077866543e-02,-3.629192165374819368e-01,1.000000000000000000e+00
3.914001319127511369e-01,-1.082515140564449974e+00,-1.000000000000000000e+00
-1.670181614063276920e-01,-1.224030102834350542e+00,-1.000000000000000000e+00
-8.834942728722964267e-01,1.826970613935927079e-01,-1.000000000000000000e+00
-1.056327372485860172e-02,6.131146179989404033e-01,1.000000000000000000e+00
2.226023008804902115e-01,-5.226714191963480749e-01,1.000000000000000000e+00
-3.762401024348169254e-01,5.794534806832940532e-02,1.000000000000000000e+00
5.624229165201162228e-01,-2.960174215211782145e-01,1.000000000000000000e+00
5.268983399692654945e-01,-1.864920909402875138e-01,1.000000000000000000e+00
-3.823365724609091298e-01,-1.091864636612542572e-01,1.000000000000000000e+00
-6.578524132030141303e-01,-9.109359508081296131e-01,-1.000000000000000000e+00
-1.404625714945770265e-01,-3.663185992991416784e-01,1.000000000000000000e+00
-1.050368458887211309e+00,1.760800830769565228e-01,-1.000000000000000000e+00
5.213707879964041281e-01,9.836308265093485215e-01,-1.000000000000000000e+00
-4.977354828779964602e-01,2.028279353063934531e-01,1.000000000000000000e+00
8.438523718947675833e-01,2.010162494850438741e-01,-1.000000000000000000e+00
-2.604619453143062202e-01,-2.848181086921322547e-01,1.000000000000000000e+00
1.017412168601272926e+00,5.464448978427233206e-01,-1.000000000000000000e+00
2.919393799441352688e-01,2.754432860600162236e-01,1.000000000000000000e+00
7.888985765338620837e-01,4.491154673321656743e-02,-1.000000000000000000e+00
2.619315863980202774e-01,3.815882017777951773e-01,1.000000000000000000e+00
-2.599200684534359040e-01,3.589506808242075575e-01,1.000000000000000000e+00
-2.672928806189963091e-01,-3.703589861455832688e-01,1.000000000000000000e+00
4.534811207608132611e-01,7.733744946450030744e-01,-1.000000000000000000e+00
1.007554159285664497e+00,-3.108445233486482051e-01,-1.000000000000000000e+00
3.970925443254583187e-01,-1.157627414896716944e-01,1.000000000000000000e+00
-8.140618833778194841e-01,6.914756426121771993e-01,-1.000000000000000000e+00
-2.198814051429487104e-01,-9.572724853049305871e-01,-1.000000000000000000e+00
9.472772762714146699e-01,-1.810472893998076593e-01,-1.000000000000000000e+00
5.491086836576957175e-01,8.594119041632531930e-01,-1.000000000000000000e+00
5.340000112064415827e-01,-2.635076692113186847e-01,1.000000000000000000e+00
-3.800937049457547845e-01,-7.459384381771151373e-01,-1.000000000000000000e+00
-1.074043973063658397e+00,3.321144797775534285e-01,-1.000000000000000000e+00
1.185635394364996792e-01,3.240074894083827539e-01,1.000000000000000000e+00
3.475447648310265869e-01,-1.699184042982558318e-01,1.000000000000000000e+00
1.164171856638142710e+00,1.505312870542183379e-01,-1.000000000000000000e+00
9.598286353042334573e-01,4.610655810990988562e-02,-1.000000000000000000e+00
4.461665856621660486e-02,2.505042737156728538e-01,1.000000000000000000e+00
-5.570334570480837133e-01,-5.431819156805592907e-01,1.000000000000000000e+00
-4.890373025521577155e-01,4.812869741998240247e-01,1.000000000000000000e+00
5.261992202549334863e-01,4.644352217533863625e-01,-1.000000000000000000e+00
5.616114130546614458e-01,-6.284770088239916008e-02,1.000000000000000000e+00
-7.794559687224557054e-01,-2.777154041454444888e-01,-1.000000000000000000e+00
5.241742761664253125e-01,-7.811118858131799181e-02,1.000000000000000000e+00
1.784493185958178074e-01,7.409399755328801573e-01,-1.000000000000000000e+00
1.027234761967067866e+00,-2.431764082591066634e-01,-1.000000000000000000e+00
2.216868324163609738e-01,-5.706602759590945206e-01,1.000000000000000000e+00
-6.631483202522688858e-01,8.626616719177118142e-01,-1.000000000000000000e+00
1.439444346168449740e-01,8.520783251267087799e-01,-1.000000000000000000e+00
-2.095275153394856871e-01,-5.567213166975584215e-01,1.000000000000000000e+00
8.952827156851748125e-01,-1.847823206808464347e-01,-1.000000000000000000e+00
-8.947747328644596598e-03,1.184752661165518361e+00,-1.000000000000000000e+00
8.834559447393059983e-01,4.862719570578792339e-01,-1.000000000000000000e+00
4.156903272116290737e-01,-3.117799477414679998e-01,1.000000000000000000e+00
-5.949724515019715332e-01,1.250629627348684436e-01,1.000000000000000000e+00
-2.821064485920317388e-02,5.738279544164880397e-01,1.000000000000000000e+00
7.925915843025609364e-01,4.495341208725321946e-01,-1.000000000000000000e+00
-9.531675407145461243e-01,4.211709952107443033e-01,-1.000000000000000000e+00
-7.771251192194798818e-02,5.273140872263564205e-01,1.000000000000000000e+00
-4.058861105072070763e-01,-5.733003614923418839e-02,1.000000000000000000e+00
-4.384597276308896951e-01,1.310814173459765586e-01,1.000000000000000000e+00
4.957795742797614924e-01,7.901766051009797565e-01,-1.000000000000000000e+00
4.275571853708804992e-01,-2.357019527820432281e-01,1.000000000000000000e+00
8.660448637761815061e-01,-4.377829439436025094e-01,-1.000000000000000000e+00
-2.943791534854394154e-01,1.042399436254134448e+00,-1.000000000000000000e+00
6.047691051781770577e-01,-1.143135943936862686e-01,1.000000000000000000e+00
1.058752144822794339e+00,-3.493763847406339829e-01,-1.000000000000000000e+00
-9.581280957877398585e-02,-9.212183264964369789e-01,-1.000000000000000000e+00
6.247108646142265354e-01,1.361545192417231154e-01,1.000000000000000000e+00
-1.020962283105782131e-01,-4.559938640219430850e-01,1.000000000000000000e+00
3.840500623369403899e-01,-2.955751659269216236e-01,1.000000000000000000e+00
9.420600183388312399e-01,-6.314252228703547409e-01,-1.000000000000000000e+00
4.170306033380996036e-01,-4.234985249173491839e-01,1.000000000000000000e+00
-3.685121847545590468e-01,-6.888225666605499731e-01,1.000000000000000000e+00
-8.925540695549385450e-01,-4.833970424305784608e-01,-1.000000000000000000e+00
-8.279545965653374306e-01,-7.744189272280465053e-01,-1.000000000000000000e+00
6.533893584195368254e-01,6.836630055855817956e-01,-1.000000000000000000e+00
4.367499206260809785e-01,-1.019630516525533270e+00,-1.000000000000000000e+00
3.956787019105452163e-01,-1.866874336191378658e-01,1.000000000000000000e+00
1.445358782746106879e-02,5.423619911954640216e-01,1.000000000000000000e+00
-8.807431787299820070e-03,-4.971071766175143569e-01,1.000000000000000000e+00
3.366020661412957860e-01,8.701689510798846783e-01,-1.000000000000000000e+00
-7.193916424912355501e-01,-7.093249091817603880e-01,-1.000000000000000000e+00
-7.693337245584781492e-01,3.943787726702242535e-01,-1.000000000000000000e+00
-8.679888133194065825e-01,5.526500651017374199e-01,-1.000000000000000000e+00
4.077300815201698181e-02,-5.442423125527737771e-01,1.000000000000000000e+00
-3.158758963328675562e-01,4.826478724657513042e-01,1.000000000000000000e+00
5.331190207136083936e-01,1.055706529972975649e-01,1.000000000000000000e+00
1.165658061173925120e+00,-4.133375293646524007e-02,-1.000000000000000000e+00
5.077033729461934985e-01,-1.383814510959893163e-01,1.000000000000000000e+00
-1.127669681692538006e-01,6.933995963185747291e-01,-1.000000000000000000e+00
-7.441493708498756465e-01,-8.778858802066141775e-02,1.000000000000000000e+00
2.164741697163395928e-01,-4.005524535458880320e-01,1.000000000000000000e+00
-9.663014498676505415e-01,-3.119567349081022178e-01,-1.000000000000000000e+00
-5.207468225433959930e-01,4.899040364623271637e-01,1.000000000000000000e+00
-5.506714100640480725e-01,2.309782726866679847e-01,1.000000000000000000e+00
-8.592482065205329922e-02,-1.162630883915408031e+00,-1.000000000000000000e+00
1.260384895251223658e-01,9.557836968378597975e-01,-1.000000000000000000e+00
3.103657624276312532e-01,5.439725918723640197e-01,1.000000000000000000e+00
2.819506489479938760e-01,4.555905202271249843e-01,1.000000000000000000e+00
1.466831710814768819e-01,4.188060288111006280e-01,1.000000000000000000e+00
-2.438431046470366514e-01,7.751692040214144819e-02,1.000000000000000000e+00
-3.428810050259481490e-03,-6.449073303751071684e-01,1.000000000000000000e+00
4.221252201992898856e-01,-8.478017904844892261e-01,-1.000000000000000000e+00
-8.838080458956298902e-02,5.393105166333869160e-01,1.000000000000000000e+00
8.176354963299672374e-01,-6.762040452101297783e-01,-1.000000000000000000e+00
-9.093856740078667400e-01,-2.192948791683137222e-01,-1.000000000000000000e+00
6.842054099230707731e-01,-3.038912994852649985e-01,1.000000000000000000e+00
-2.410563905211255409e-01,9.277622901062517746e-01,-1.000000000000000000e+00
-5.818530351707602577e-01,2.124236508726553563e-01,1.000000000000000000e+00
3.134562697233700401e-02,4.980132075207581721e-01,1.000000000000000000e+00
-1.111195697663752036e+00,-4.723774110125857906e-01,-1.000000000000000000e+00
1.071825711359800870e+00,3.805433779144944406e-01,-1.000000000000000000e+00
2.275828270739009285e-01,-2.780939776277906450e-01,1.000000000000000000e+00
6.987160956490831576e-02,5.976054350328958709e-01,1.000000000000000000e+00
1.171336092237971888e-01,4.106092261369003737e-01,1.000000000000000000e+00
2.579476382878134744e-02,4.129412136943015343e-01,1.000000000000000000e+00
6.108264965860823459e-01,-6.215459840583678619e-02,1.000000000000000000e+00
-2.793548829395061661e-01,1.076334458691257989e+00,-1.000000000000000000e+00
-2.542125325129235835e-01,4.572452638467344732e-01,1.000000000000000000e+00
8.169163569397404068e-01,1.610022064221697802e-01,-1.000000000000000000e+00
1.122436353400508846e+00,4.153620974451938674e-01,-1.000000000000000000e+00
1.103915261883452459e+00,3.949797984250416616e-01,-1.000000000000000000e+00
-2.206161929087096518e-01,-1.014504573634855467e+00,-1.000000000000000000e+00
9.412219168844720985e-01,6.001283817155060873e-01,-1.000000000000000000e+00
-3.688496817333685729e-01,-1.103297088329028286e-01,1.000000000000000000e+00
-2.502706457875340518e-01,9.457197570089898031e-01,-1.000000000000000000e+00
2.043147887247897254e-01,-2.018236960243461886e-01,1.000000000000000000e+00
-4.174912489531129034e-01,-2.490266055583616744e-01,1.000000000000000000e+00
7.695690160268206514e-02,4.855019788308685968e-01,1.000000000000000000e+00
1.836587741423044706e-01,9.139040629405968952e-01,-1.000000000000000000e+00
5.255563209469045205e-01,1.670901835213775555e-03,1.000000000000000000e+00
6.450449676318320558e-01,-7.234210764235114999e-01,-1.000000000000000000e+00
2.794105386955184622e-01,-3.964176024387034980e-01,1.000000000000000000e+00
9.839072162902970931e-01,1.168567266287018069e-01,-1.000000000000000000e+00
7.978495672587153642e-01,-2.648556603515572760e-01,-1.000000000000000000e+00
-9.566267244738175801e-01,1.273876787750723993e-01,-1.000000000000000000e+00
-8.368814592000071162e-01,-1.924434302123606833e-01,-1.000000000000000000e+00
-4.700171434008370008e-01,-1.725625882282731671e-01,1.000000000000000000e+00
-6.824657724277002346e-01,6.116535717505124925e-01,-1.000000000000000000e+00
-3.904394266253089496e-01,-1.145090481336015431e+00,-1.000000000000000000e+00
-7.477428711232141367e-01,-2.059882430933303865e-01,-1.000000000000000000e+00
-1.286621511580754884e+00,1.208815154433065531e-02,-1.000000000000000000e+00
5.376861519100368803e-01,2.967333809215936258e-01,1.000000000000000000e+00
5.685134948233666607e-01,1.169106140506557812e-01,1.000000000000000000e+00
5.540673569561211931e-01,1.552085227873257200e-01,1.000000000000000000e+00
-9.164364080036712101e-01,6.306724612255379947e-01,-1.000000000000000000e+00
1.620368446077155022e-01,1.068748071645879261e+00,-1.000000000000000000e+00
-4.459944919488337267e-01,1.256994491163613281e-01,1.000000000000000000e+00
3.944599352196943021e-01,-4.150243957395389760e-01,1.000000000000000000e+00
-6.773593276799558249e-02,1.153083725721545827e+00,-1.000000000000000000e+00
-6.359311252387963576e-01,4.168748288840358196e-01,1.000000000000000000e+00
7.244431745045707416e-01,5.138501625482465585e-01,-1.000000000000000000e+00
1.910495590509413422e-01,4.429993365615719769e-01,1.000000000000000000e+00
-3.621843184545271432e-01,1.006354736338606060e+00,-1.000000000000000000e+00
-3.048200087564144622e-01,2.601645556916039048e-01,1.000000000000000000e+00
1.237753688572268834e-01,4.838996891105378784e-01,1.000000000000000000e+00
-9.846468078964184523e-01,-3.265304775495081469e-01,-1.000000000000000000e+00
4.515235637006626002e-02,-8.979407217406587538e-01,-1.000000000000000000e+00
5.238109367859364873e-01,1.200141596774175201e-01,1.000000000000000000e+00
-1.436671588217553475e-01,-5.674982323781787574e-01,1.000000000000000000e+00
7.989971239937191383e-01,9.154336168145073005e-01,-1.000000000000000000e+00
-8.055179980913296234e-01,2.486047272756035098e-01,-1.000000000000000000e+00
-5.610190093182113591e-01,2.962046817995511727e-02,1.000000000000000000e+00
-8.940683343968246488e-01,1.301263910046327466e-01,-1.000000000000000000e+00
-3.193711054459046350e-01,-2.949861986610922138e-01,1.000000000000000000e+00
-1.045413344230410546e+00,-8.580845609428107423e-02,-1.000000000000000000e+00
3.641239970056838748e-01,-4.240231790444806692e-02,1.000000000000000000e+00
4.451089699783488118e-01,-1.089280681572084131e+00,-1.000000000000000000e+00
4.887131171042477518e-02,1.074896503218687460e+00,-1.000000000000000000e+00
1.101912510209777984e+00,-3.372688743944433076e-01,-1.000000000000000000e+00
-5.687425594166453102e-01,2.264257410176616636e-01,1.000000000000000000e+00
3.267513767555824122e-01,-2.933716750076924007e-01,1.000000000000000000e+00
-3.511752276617794988e-01,-2.730913717637294957e-01,1.000000000000000000e+00
4.316470561897440827e-01,7.839001139222040448e-02,1.000000000000000000e+00
-5.827730699838944428e-01,3.220704900678343918e-01,1.000000000000000000e+00
-5.166237575315282271e-01,-5.161418259595124125e-01,1.000000000000000000e+00
5.954712777864076267e-01,2.613871468729619951e-01,1.000000000000000000e+00
5.160430177278606534e-01,7.049069475159799314e-01,-1.000000000000000000e+00
-4.854499834488283372e-01,4.199127251981647491e-01,1.000000000000000000e+00
1.624933796681245490e-01,-4.895569255991522595e-01,1.000000000000000000e+00
4.528639147874838899e-01,2.739186150210410897e-01,1.000000000000000000e+00
2.482759952484197841e-01,-1.087923920191503635e+00,-1.000000000000000000e+00
-9.111004629855685988e-02,3.338276724734112744e-01,1.000000000000000000e+00
-3.256400225769797152e-01,8.343445818733353780e-01,-1.000000000000000000e+00
5.188964025866183993e-01,8.726974385325428907e-01,-1.000000000000000000e+00
-4.385060543831047486e-01,1.021753239378510258e+00,-1.000000000000000000e+00
-9.642026418850918601e-02,4.582385514384291758e-01,1.000000000000000000e+00
-7.826520543279782416e-01,8.993492569189506791e-02,1.000000000000000000e+00
-4.567635304457417500e-01,-6.027578496595278335e-01,-1.000000000000000000e+00
1.128045730598594032e+00,2.301886557923998045e-01,-1.000000000000000000e+00
-2.842977793130368469e-01,-4.246197375310895028e-01,1.000000000000000000e+00
-4.451097836642641803e-01,1.480078062761881752e-02,1.000000000000000000e+00
3.408520538191615046e-01,-7.233839762406772955e-01,1.000000000000000000e+00
3.653063818696831166e-01,-1.854655184941464141e-01,1.000000000000000000e+00
-4.593869026938567357e-01,1.089589154998671816e+00,-1.000000000000000000e+00
9.682715976619834519e-01,1.077520696751872592e-01,-1.000000000000000000e+00
7.109468418763799091e-01,-4.621379090756223551e-01,-1.000000000000000000e+00
1.020026090301815902e+00,-1.517032930654312328e-01,-1.000000000000000000e+00
1.797682079763662788e-01,-1.365287680576934282e-01,1.000000000000000000e+00
1.009411678415099989e-01,1.096604032487003888e+00,-1.000000000000000000e+00
-7.065274482593755234e-01,-2.041792919261231631e-01,-1.000000000000000000e+00
7.168210303015145612e-01,7.560817585919241690e-01,-1.000000000000000000e+00
4.230033698793590480e-01,9.768063053387865402e-01,-1.000000000000000000e+00
4.304782878664140666e-01,1.125178001015214813e+00,-1.000000000000000000e+00
7.294884388416069676e-01,2.025002259390618065e-02,1.000000000000000000e+00
5.724168000441109960e-01,-2.455814886720193990e-01,1.000000000000000000e+00
1.807640988884686439e-01,-3.002718146728871051e-01,1.000000000000000000e+00
4.816924306324065208e-01,-8.904147579093578402e-02,1.000000000000000000e+00
1.391303495242628141e-02,3.834678937706603730e-01,1.000000000000000000e+00
3.316360697794672463e-01,-2.019265233148025140e-02,1.000000000000000000e+00
1.584674721135181930e-01,3.212752875016604559e-01,1.000000000000000000e+00
-8.778770044848787091e-01,2.947450234677462255e-01,-1.000000000000000000e+00
-9.370967518618730230e-01,3.140434405478068625e-01,-1.000000000000000000e+00
-3.923137616323434940e-01,1.195997729921674108e-01,1.000000000000000000e+00
7.958856115099873785e-01,8.112744840478218755e-01,-1.000000000000000000e+00
-5.241005374038611997e-01,-8.032878462970031164e-01,-1.000000000000000000e+00
-3.145443814389430326e-01,-2.045134317603990171e-01,1.000000000000000000e+00
9.887732135292790492e-01,-6.998638698387260604e-01,-1.000000000000000000e+00
-3.925366273600644496e-01,-3.566716430880593203e-01,1.000000000000000000e+00
-5.427540897048412916e-01,1.929159936037424528e-01,1.000000000000000000e+00
3.921201261525546489e-01,-1.920560602285084073e-01,1.000000000000000000e+00
-4.282909647481257798e-01,-3.312136187091295203e-01,1.000000000000000000e+00
9.028468000401039806e-01,1.710501593906552653e-01,-1.000000000000000000e+00
-3.842209732876896155e-01,-1.188622698299600655e+00,-1.000000000000000000e+00
2.031241254269911534e-01,-9.719158286792763946e-01,-1.000000000000000000e+00
-5.022017088598919043e-01,9.807104672685397206e-01,-1.000000000000000000e+00
2.232061092483393627e-01,-3.962620164854017135e-01,1.000000000000000000e+00
2.743111400987680581e-01,-6.094333707637875630e-01,1.000000000000000000e+00
3.680756016046961981e-02,-4.740492742489780253e-01,1.000000000000000000e+00
4.468671010066091465e-01,9.582473445070502915e-01,-1.000000000000000000e+00
1.848730034976259207e-01,-1.096945428269459510e+00,-1.000000000000000000e+00
-5.371938891548690975e-01,8.826902101531755029e-01,-1.000000000000000000e+00
7.836991533087017681e-01,-7.113899180646895415e-01,-1.000000000000000000e+00
-5.910863963051864456e-01,-3.142883099059862184e-01,1.000000000000000000e+00
-2.631555643964135216e-01,-8.444711099002047416e-02,1.000000000000000000e+00
-2.374555698363777223e-01,5.541628833605500848e-01,1.000000000000000000e+00
7.342671117171348238e-02,-6.780856186133193964e-01,1.000000000000000000e+00
7.977797752285032962e-01,9.317133011322836778e-01,-1.000000000000000000e+00
-9.054283202449523449e-01,-1.920732301547871945e-01,-1.000000000000000000e+00
-1.793577635008757054e-01,2.445680462267812161e-01,1.000000000000000000e+00
5.300059912313800359e-01,7.326620956691332065e-02,1.000000000000000000e+00
-4.015903993750532530e-01,1.647250377818702816e-01,1.000000000000000000e+00
-1.014035844218998950e+00,4.622038482306358165e-01,-1.000000000000000000e+00
9.880558854210683140e-02,8.901955735883434473e-01,-1.000000000000000000e+00
1.649357550018265839e-01,1.014250033868010714e+00,-1.000000000000000000e+00
3.333537052093047404e-01,-1.979102369074252701e-02,1.000000000000000000e+00
-8.139234944067844646e-01,5.796772338431864791e-01,-1.000000000000000000e+00
-6.996171037492414646e-01,9.292901932925595743e-01,-1.000000000000000000e+00
3.898380397725427216e-01,-4.175993736542194523e-01,1.000000000000000000e+00
2.502736219625184555e-01,5.367265625039676635e-01,1.000000000000000000e+00
1.116658626707367208e-01,-5.222125081165738258e-01,1.000000000000000000e+00
8.993816771167887358e-01,1.704087065504413800e-01,-1.000000000000000000e+00
1.107348894649355708e+00,2.105836602646984079e-01,-1.000000000000000000e+00
6.680201746068215041e-01,-9.397923934140374191e-01,-1.000000000000000000e+00
-2.703136112990993656e-01,1.089008530688253984e+00,-1.000000000000000000e+00
-1.001499700277170612e+00,-3.043229162560490142e-01,-1.000000000000000000e+00
8.794584538272263163e-01,-3.356410833840453578e-01,-1.000000000000000000e+00
8.182791235722054468e-01,-8.385867093965665431e-01,-1.000000000000000000e+00
-7.610208052369470400e-01,-5.537189905880923746e-01,-1.000000000000000000e+00
3.458930328349863470e-01,-3.546502195211453379e-01,1.000000000000000000e+00
-2.693720842584560460e-01,2.692285358153871377e-01,1.000000000000000000e+00
9.668719264464290530e-01,2.918828806804025788e-01,-1.000000000000000000e+00
-5.729198013458705052e-01,-5.812937745502197995e-01,-1.000000000000000000e+00
-6.860338001969789046e-01,3.371784008785110309e-01,1.000000000000000000e+00
4.436372226881735159e-02,-5.068575320264809836e-01,1.000000000000000000e+00
5.658463138195375386e-01,-7.148969898702208781e-01,-1.000000000000000000e+00
-8.913874655850824169e-01,5.663465056860749192e-01,-1.000000000000000000e+00
-2.763485077813554458e-01,1.181583538961237689e+00,-1.000000000000000000e+00
-4.113779350072775953e-01,1.046069345059113670e-01,1.000000000000000000e+00
4.682334025246644993e-01,-1.366433239132656130e-01,1.000000000000000000e+00
-6.065339563510482312e-01,-7.961310158849270735e-01,-1.000000000000000000e+00
3.394043184274578850e-01,2.654100181834458949e-01,1.000000000000000000e+00
-1.787748651340028139e-01,-1.080209626631293274e+00,-1.000000000000000000e+00
-3.658124690672640011e-01,2.671245818885476520e-01,1.000000000000000000e+00
3.974533897531716264e-01,-2.705422455000544013e-01,1.000000000000000000e+00
1.069698183536522240e+00,-2.708443876486325563e-01,-1.000000000000000000e+00
-3.621958345012629699e-01,-9.488360938192077487e-01,-1.000000000000000000e+00
5.619460352811685849e-02,5.942286415824155066e-01,1.000000000000000000e+00
-4.610314339402686312e-01,1.007429335058957376e+00,-1.000000000000000000e+00
-1.915922616795786293e-01,3.085701495468504696e-01,1.000000000000000000e+00
-2.563269517217901527e-01,-1.032670866059047121e+00,-1.000000000000000000e+00
3.230380824962657549e-01,8.790414917267045380e-01,-1.000000000000000000e+00
-1.628139194498229303e-01,-4.478520480011561888e-01,1.000000000000000000e+00
8.734497921745636440e-01,4.715097408649793209e-01,-1.000000000000000000e+00
9.530157512485155635e-01,-3.381898276473149223e-01,-1.000000000000000000e+00
-2.094360493407726453e-02,-4.481652903400702437e-01,1.000000000000000000e+00
-3.584397575182690088e-01,8.540337135550458703e-01,-1.000000000000000000e+00
4.720879835999730045e-01,-2.757621262532439776e-01,1.000000000000000000e+00
-1.349100504437401038e-01,4.210026601749009556e-01,1.000000000000000000e+00
5.567638073974781054e-01,7.346884080621672863e-01,-1.000000000000000000e+00
-8.825775809452235388e-01,-5.441120345290034743e-01,-1.000000000000000000e+00
-5.078406492052822685e-01,8.853534852071339722e-01,-1.000000000000000000e+00
-5.301769146620617379e-01,8.256718963388300914e-01,-1.000000000000000000e+00
-1.413858571459704339e-01,-5.753538362888321878e-01,1.000000000000000000e+00
5.768476621894013112e-01,1.787663391926518769e-02,1.000000000000000000e+00
-5.663187348413512012e-01,1.476671612322309757e-01,1.000000000000000000e+00
-4.851650600307322314e-01,9.627297869168732758e-01,-1.000000000000000000e+00
1.019512021872944096e+00,2.716885509589972436e-01,-1.000000000000000000e+00
-2.825854797995330792e-01,5.100321546040929022e-01,1.000000000000000000e+00
4.883713586198263346e-01,-3.357182049247132705e-01,1.000000000000000000e+00
-4.940354551861548815e-01,9.477848242201630802e-01,-1.000000000000000000e+00
-4.058555684157731935e-01,-2.061061379157635987e-01,1.000000000000000000e+00
-7.641917396680085461e-02,-7.229263833629253622e-01,1.000000000000000000e+00
5.472936575721094599e-01,-3.941336124905078231e-01,1.000000000000000000e+00
1.924831891103357950e-01,7.269097709735360402e-01,1.000000000000000000e+00
3.609557588626637892e-01,8.732933285889693531e-02,1.000000000000000000e+00
-3.004690376315960476e-01,-1.144873994920564630e+00,-1.000000000000000000e+00
4.510321075503332944e-01,-9.285024973376427848e-01,-1.000000000000000000e+00
1.169238218028349374e+00,-3.016214635466742955e-01,-1.000000000000000000e+00
-9.043557919739891870e-01,4.169491736260554360e-01,-1.000000000000000000e+00
2.736957239404685938e-01,-5.311005668180811545e-01,1.000000000000000000e+00
1.192992766408042388e-01,-1.068809524011113510e+00,-1.000000000000000000e+00
-5.673610772297419391e-01,-4.382362101986644332e-01,1.000000000000000000e+00
5.376683781737556789e-01,7.699764052392410463e-01,-1.000000000000000000e+00
1.221899196776965735e-01,4.667619083110700062e-01,1.000000000000000000e+00
3.910601101650644784e-01,3.804530451056751805e-01,1.000000000000000000e+00
-8.823755147603347115e-01,7.163808448784256266e-02,-1.000000000000000000e+00
3.294634850976790319e-01,3.561329034610836719e-01,1.000000000000000000e+00
-7.382134343701307611e-01,-3.015059872961797782e-01,1.000000000000000000e+00
3.835003762565484253e-01,-5.536739234087806327e-01,1.000000000000000000e+00
-1.809475087475053978e-01,4.044841386685546492e-01,1.000000000000000000e+00
1.534084313496410501e-01,9.635634728355980672e-01,-1.000000000000000000e+00
-5.614211403020632485e-01,-6.755025113287589367e-01,-1.000000000000000000e+00
8.048370809693294881e-01,-5.988014903604181871e-01,-1.000000000000000000e+00
-9.506859378477932054e-01,4.888906790197298791e-01,-1.000000000000000000e+00
-8.359700875748733717e-02,9.465969516456704813e-01,-1.000000000000000000e+00
-7.745739577349375349e-01,-5.116240887737786291e-01,-1.000000000000000000e+00
6.001800243656415512e-01,-8.867847645656189437e-01,-1.000000000000000000e+00
-3.129456459788076961e-01,7.142963063761338383e-01,1.000000000000000000e+00
1.915033081363078649e-01,-6.161232568591590297e-01,1.000000000000000000e+00
1.299385215263529902e-01,-4.394407108315994126e-01,1.000000000000000000e+00
-8.637317386059922830e-02,-8.841258836569508839e-01,-1.000000000000000000e+00
4.399478240359242509e-01,3.679949881503467579e-01,1.000000000000000000e+00
3.462832620962877916e-01,-2.582002691181564114e-01,1.000000000000000000e+00
-4.777629266258647256e-01,-1.844342554795015687e-01,1.000000000000000000e+00
1.078492671502793376e+00,1.040388263673926728e-01,-1.000000000000000000e+00
-4.278508973539527638e-01,-2.468656554798466796e-01,1.000000000000000000e+00
-7.022580208925999212e-01,6.481355362732201808e-01,-1.000000000000000000e+00
5.204739454885494165e-01,-8.585010921132967265e-01,-1.000000000000000000e+00
-1.043022896115547993e-01,3.919759958780448805e-01,1.000000000000000000e+00
-4.849123657240438368e-01,-1.045422294031070454e+00,-1.000000000000000000e+00
3.098401298612988852e-01,-1.101007158797306928e+00,-1.000000000000000000e+00
-1.646357092230543717e-03,6.187591179100463412e-01,1.000000000000000000e+00
-2.525278506469226247e-01,-4.817533475117731778e-01,1.000000000000000000e+00
-3.722788463179805274e-01,-3.481080927710165085e-01,1.000000000000000000e+00
6.712764141632598935e-01,-7.690396237781869093e-01,-1.000000000000000000e+00
-5.365347582837498575e-01,-1.264302741790453988e-01,1.000000000000000000e+00
-6.436385775206722171e-01,1.617616319785713797e-01,1.000000000000000000e+00
-8.595676039424378079e-01,-6.465659534613564796e-01,-1.000000000000000000e+00
-9.005548238611180700e-01,-6.038652920761280463e-01,-1.000000000000000000e+00
7.464828201168370869e-01,-5.736816016729320289e-01,-1.000000000000000000e+00
7.657125265339086440e-01,4.475226150417911941e-01,-1.000000000000000000e+00
6.971634648001951984e-01,4.411427477040546496e-01,-1.000000000000000000e+00
2.791865009345451121e-01,-4.228100287075863273e-01,1.000000000000000000e+00
1.216702221572126125e-01,-8.897542023797013755e-01,-1.000000000000000000e+00
-1.792717111816027886e-01,-3.023592465665603801e-01,1.000000000000000000e+00
-3.843695372079830586e-02,5.135383718844980239e-01,1.000000000000000000e+00
1.684093324192766361e-01,8.536825271307662000e-01,-1.000000000000000000e+00
-5.750192172837460813e-04,1.103811372164966942e+00,-1.000000000000000000e+00
-3.188772643170202370e-01,-2.967760553033793602e-01,1.000000000000000000e+00
